{
  "hash": "5e6a7248",
  "configHash": "cc23092c",
  "lockfileHash": "b678df88",
  "browserHash": "4be0b41f",
  "optimized": {
    "@angular/common": {
      "src": "../../../../../node_modules/@angular/common/fesm2022/common.mjs",
      "file": "@angular_common.js",
      "fileHash": "ac4ed7d4",
      "needsInterop": false
    },
    "@angular/common/http": {
      "src": "../../../../../node_modules/@angular/common/fesm2022/http.mjs",
      "file": "@angular_common_http.js",
      "fileHash": "04bb3b9e",
      "needsInterop": false
    },
    "@angular/core": {
      "src": "../../../../../node_modules/@angular/core/fesm2022/core.mjs",
      "file": "@angular_core.js",
      "fileHash": "b3c7f244",
      "needsInterop": false
    },
    "@angular/forms": {
      "src": "../../../../../node_modules/@angular/forms/fesm2022/forms.mjs",
      "file": "@angular_forms.js",
      "fileHash": "79a99b20",
      "needsInterop": false
    },
    "@angular/platform-browser": {
      "src": "../../../../../node_modules/@angular/platform-browser/fesm2022/platform-browser.mjs",
      "file": "@angular_platform-browser.js",
      "fileHash": "a02f9a0d",
      "needsInterop": false
    },
    "@angular/router": {
      "src": "../../../../../node_modules/@angular/router/fesm2022/router.mjs",
      "file": "@angular_router.js",
      "fileHash": "b182d677",
      "needsInterop": false
    },
    "@ng-bootstrap/ng-bootstrap": {
      "src": "../../../../../node_modules/@ng-bootstrap/ng-bootstrap/fesm2022/ng-bootstrap.mjs",
      "file": "@ng-bootstrap_ng-bootstrap.js",
      "fileHash": "21508b33",
      "needsInterop": false
    },
    "@opentelemetry/api": {
      "src": "../../../../../node_modules/@opentelemetry/api/build/esm/index.js",
      "file": "@opentelemetry_api.js",
      "fileHash": "6442b553",
      "needsInterop": false
    },
    "rxjs": {
      "src": "../../../../../node_modules/rxjs/dist/esm5/index.js",
      "file": "rxjs.js",
      "fileHash": "81d38607",
      "needsInterop": false
    },
    "sdk-google-map": {
      "src": "../../../../../node_modules/sdk-google-map/fesm2022/sdk-google-map.mjs",
      "file": "sdk-google-map.js",
      "fileHash": "d98e7fe2",
      "needsInterop": false
    },
    "@opentelemetry/sdk-trace-web": {
      "src": "../../../../../node_modules/@opentelemetry/sdk-trace-web/build/esm/index.js",
      "file": "@opentelemetry_sdk-trace-web.js",
      "fileHash": "22885673",
      "needsInterop": false
    },
    "@opentelemetry/sdk-trace-base": {
      "src": "../../../../../node_modules/@opentelemetry/sdk-trace-base/build/esm/index.js",
      "file": "@opentelemetry_sdk-trace-base.js",
      "fileHash": "e90b8d4e",
      "needsInterop": false
    },
    "@opentelemetry/instrumentation": {
      "src": "../../../../../node_modules/@opentelemetry/instrumentation/build/esm/index.js",
      "file": "@opentelemetry_instrumentation.js",
      "fileHash": "2241c321",
      "needsInterop": false
    },
    "@opentelemetry/instrumentation-document-load": {
      "src": "../../../../../node_modules/@opentelemetry/instrumentation-document-load/build/esm/index.js",
      "file": "@opentelemetry_instrumentation-document-load.js",
      "fileHash": "6196736d",
      "needsInterop": false
    },
    "@opentelemetry/instrumentation-user-interaction": {
      "src": "../../../../../node_modules/@opentelemetry/instrumentation-user-interaction/build/esm/index.js",
      "file": "@opentelemetry_instrumentation-user-interaction.js",
      "fileHash": "6abf2dd1",
      "needsInterop": false
    },
    "@opentelemetry/instrumentation-fetch": {
      "src": "../../../../../node_modules/@opentelemetry/instrumentation-fetch/build/esm/index.js",
      "file": "@opentelemetry_instrumentation-fetch.js",
      "fileHash": "d12494d2",
      "needsInterop": false
    },
    "@opentelemetry/exporter-trace-otlp-http": {
      "src": "../../../../../node_modules/@opentelemetry/exporter-trace-otlp-http/build/esm/index.js",
      "file": "@opentelemetry_exporter-trace-otlp-http.js",
      "fileHash": "85677ed1",
      "needsInterop": false
    }
  },
  "chunks": {
    "chunk-4GNFFEOU": {
      "file": "chunk-4GNFFEOU.js"
    },
    "chunk-MNCE32PF": {
      "file": "chunk-MNCE32PF.js"
    },
    "chunk-VCIPMLAT": {
      "file": "chunk-VCIPMLAT.js"
    },
    "chunk-YUPDH3JR": {
      "file": "chunk-YUPDH3JR.js"
    },
    "chunk-2S52PPVH": {
      "file": "chunk-2S52PPVH.js"
    },
    "chunk-FT7YRNA4": {
      "file": "chunk-FT7YRNA4.js"
    },
    "chunk-UXK5IXEU": {
      "file": "chunk-UXK5IXEU.js"
    },
    "chunk-7EY4ZWZO": {
      "file": "chunk-7EY4ZWZO.js"
    },
    "chunk-WZQFT5IY": {
      "file": "chunk-WZQFT5IY.js"
    },
    "chunk-SBUSRXC3": {
      "file": "chunk-SBUSRXC3.js"
    },
    "chunk-WSA2QMXP": {
      "file": "chunk-WSA2QMXP.js"
    },
    "chunk-ASLTLD6L": {
      "file": "chunk-ASLTLD6L.js"
    }
  }
}