[
  {
    "idBien": 1,
    "mailProprio": "jean.dupont@example.com",
    "commune": "Paris",
    "rue": "Rue de la Paix",
    "cp": "75001",
    "nbChambres": 3,
    "nbCouchages": 6,
    "distance": 2.5,
    "prixNuit": 120,
    "estReserve": false,
    "imageUrl": "assets/img/appart1.jpg"
  },
  {
    "idBien": 2,
    "mailProprio": "marie.martin@example.com",
    "commune": "Lyon",
    "rue": "Avenue des Fleurs",
    "cp": "69002",
    "nbChambres": 2,
    "nbCouchages": 4,
    "distance": 3.0,
    "prixNuit": 80,
    "estReserve": false,
    "imageUrl": "assets/img/appart2.jpg"

  },
  {
    "idBien": 3,
    "mailProprio": "pierre.dubois@example.com",
    "commune": "Marseille",
    "rue": "Boulevard des Plages",
    "cp": "13008",
    "nbChambres": 4,
    "nbCouchages": 8,
    "distance": 1.8,
    "prixNuit": 150,
    "estReserve": false,
    "imageUrl": "assets/img/appart3.jpg"
  },
  {
    "idBien": 4,
    "mailProprio": "sophie.lefevre@example.com",
    "commune": "Nice",
    "rue": "Rue Aime Barelli ",
    "cp": "06000",
    "nbChambres": 1,
    "nbCouchages": 2,
    "distance": 0.5,
    "prixNuit": 60,
    "estReserve": false,
    "imageUrl": "assets/img/appart4.jpg"
  },
  {
    "idBien": 5,
    "mailProprio": "thomas.robert@example.com",
    "commune": "Bordeaux",
    "rue": "Avenue des Vignes",
    "cp": "33000",
    "nbChambres": 2,
    "nbCouchages": 4,
    "distance": 4.2,
    "prixNuit": 90,
    "estReserve": false,
    "imageUrl": "assets/img/appart5.jpg"
  },
  {
    "idBien": 6,
    "mailProprio": "julie.richard@example.com",
    "commune": "Toulouse",
    "rue": "Rue Saint-Georges",
    "cp": "31000",
    "nbChambres": 3,
    "nbCouchages": 6,
    "distance": 1.0,
    "prixNuit": 110,
    "estReserve": false,
    "imageUrl": "assets/img/appart6.jpg"
  },
  {
    "idBien": 7,
    "mailProprio": "nicolas.petit@example.com",
    "commune": "Strasbourg",
    "rue": "Place Kléber",
    "cp": "67000",
    "nbChambres": 2,
    "nbCouchages": 4,
    "distance": 0.3,
    "prixNuit": 75,
    "estReserve": false,
    "imageUrl": "assets/img/appart7.jpg"
  },
  {
    "idBien": 8,
    "mailProprio": "camille.durand@example.com",
    "commune": "Nantes",
    "rue": "Rue de Strasbourg",
    "cp": "44000",
    "nbChambres": 1,
    "nbCouchages": 2,
    "distance": 1.5,
    "prixNuit": 55,
    "estReserve": false,
    "imageUrl": "assets/img/appart8.jpg"
  },
  {
    "idBien": 9,
    "mailProprio": "manon.leroy@example.com",
    "commune": "Lille",
    "rue": "Rue Edouard Vaillant",
    "cp": "59000",
    "nbChambres": 2,
    "nbCouchages": 4,
    "distance": 0.8,
    "prixNuit": 70,
    "estReserve": false,
    "imageUrl": "assets/img/appart9.jpg"
  },
  {
    "idBien": 10,
    "mailProprio": "lucas.moreau@example.com",
    "commune": "Montpellier",
    "rue": "Rue de la Loge",
    "cp": "34000",
    "nbChambres": 1,
    "nbCouchages": 2,
    "distance": 2.3,
    "prixNuit": 65,
    "estReserve": false,
    "imageUrl": "assets/img/appart10.jpg"
  },
  {
    "idBien": 11,
    "mailProprio": "pierre.dubois@example.com",
    "commune": "Paris",
    "rue": "Place de l'Europe",
    "cp": "75002",
    "nbChambres": 2,
    "nbCouchages": 2,
    "distance": 10,
    "prixNuit": 95,
    "estReserve": false,
    "imageUrl": "assets/img/appart11.jpg"
  },
  {
    "idBien": 12,
    "mailProprio": "emma.garcia@example.com",
    "commune": "Marseille",
    "rue": "Rue du Vieux Port",
    "cp": "13001",
    "nbChambres": 3,
    "nbCouchages": 6,
    "distance": 2.0,
    "prixNuit": 130,
    "estReserve": false,
    "imageUrl": "assets/img/appart12.jpg"
  },
  {
    "idBien": 13,
    "mailProprio": "louis.martinez@example.com",
    "commune": "Nice",
    "rue": "Promenade des Anglais",
    "cp": "06000",
    "nbChambres": 2,
    "nbCouchages": 4,
    "distance": 1.2,
    "prixNuit": 150,
    "estReserve": false,
    "imageUrl": "assets/img/appart13.jpg"
  },
  {
    "idBien": 14,
    "mailProprio": "chloe.fournier@example.com",
    "commune": "Bordeaux",
    "rue": "Quai des Chartrons",
    "cp": "33000",
    "nbChambres": 1,
    "nbCouchages": 2,
    "distance": 3.5,
    "prixNuit": 80,
    "estReserve": false,
    "imageUrl": "assets/img/appart14.jpg"
  },
  {
    "idBien": 15,
    "mailProprio": "hugo.legrand@example.com",
    "commune": "Toulouse",
    "rue": "Rue de Metz",
    "cp": "31000",
    "nbChambres": 2,
    "nbCouchages": 4,
    "distance": 1.8,
    "prixNuit": 90,
    "estReserve": false,
    "imageUrl": "assets/img/appart15.jpg"
  },
  {
    "idBien": 16,
    "mailProprio": "lea.garnier@example.com",
    "commune": "Strasbourg",
    "rue": "Petite France",
    "cp": "67000",
    "nbChambres": 1,
    "nbCouchages": 2,
    "distance": 0.7,
    "prixNuit": 70,
    "estReserve": false,
    "imageUrl": "assets/img/appart16.jpg"
  }
]
