[
  {
    "prenom": "Jean",
    "nom": "Dupont",
    "telephone": "0123456789",
    "mail": "jean.dupont@example.com"
  },
  {
    "prenom": "Marie",
    "nom": "Martin",
    "telephone": "0987654321",
    "mail": "marie.martin@example.com"
  },
  {
    "prenom": "Pierre",
    "nom": "Dubois",
    "telephone": "0369852147",
    "mail": "pierre.dubois@example.com"
  },
  {
    "prenom": "Sophie",
    "nom": "Lefevre",
    "telephone": "0741258963",
    "mail": "sophie.lefevre@example.com"
  },
  {
    "prenom": "Thomas",
    "nom": "Robert",
    "telephone": "0587412369",
    "mail": "thomas.robert@example.com"
  },
  {
    "prenom": "Julie",
    "nom": "Richard",
    "telephone": "0314789652",
    "mail": "julie.richard@example.com"
  },
  {
    "prenom": "Nicolas",
    "nom": "Petit",
    "telephone": "0965472138",
    "mail": "nicolas.petit@example.com"
  },
  {
    "prenom": "Camille",
    "nom": "Durand",
    "telephone": "0278563419",
    "mail": "camille.durand@example.com"
  },
  {
    "prenom": "Manon",
    "nom": "Leroy",
    "telephone": "0647891235",
    "mail": "manon.leroy@example.com"
  },
  {
    "prenom": "Lucas",
    "nom": "Moreau",
    "telephone": "0395142876",
    "mail": "lucas.moreau@example.com"
  },
  {
    "prenom": "Emma",
    "nom": "Garcia",
    "telephone": "0258741369",
    "mail": "emma.garcia@example.com"
  },
  {
    "prenom": "Louis",
    "nom": "Martinez",
    "telephone": "0678543210",
    "mail": "louis.martinez@example.com"
  },
  {
    "prenom": "Chloé",
    "nom": "Fournier",
    "telephone": "0369854123",
    "mail": "chloe.fournier@example.com"
  },
  {
    "prenom": "Hugo",
    "nom": "Legrand",
    "telephone": "0987654321",
    "mail": "hugo.legrand@example.com"
  },
  {
    "prenom": "Léa",
    "nom": "Garnier",
    "telephone": "0547896321",
    "mail": "lea.garnier@example.com"
  }
]
